aasno,priority,ingress,src_mac,dst_mac,src_ip,dst_ip,src_start,src_end,dst_start,dst_end,nw_proto,action 
1,176,3,00:00:00:00:00:00,00:00:00:00:00:00,10.0.0.0/10,10.169.95.128/28,62,73,157,179,1,Deny
2,94,3,00:00:00:00:00:00,00:00:00:00:00:00,10.240.0.0/12,10.160.0.0/12,122,159,55,81,1,Allow
3,17,3,00:00:00:00:00:00,00:00:00:00:00:00,10.0.0.0/9,10.108.88.0/21,39,108,1,49,1,Allow
4,75,3,00:00:00:00:00:00,00:00:00:00:00:00,10.9.79.136/30,10.96.157.104/29,62,164,112,188,1,Allow
5,153,3,00:00:00:00:00:00,00:00:00:00:00:00,10.192.0.0/10,10.111.180.0/22,8,90,112,184,6,Allow
6,56,3,00:00:00:00:00:00,00:00:00:00:00:00,10.56.0.0/13,10.189.207.128/27,71,91,51,192,6,Allow
7,5,3,00:00:00:00:00:00,00:00:00:00:00:00,10.0.0.0/8,10.56.99.54/32,46,64,1,58,6,Deny
8,110,3,00:00:00:00:00:00,00:00:00:00:00:00,10.80.0.0/12,10.0.0.0/14,56,133,121,194,1,Allow
9,92,3,00:00:00:00:00:00,00:00:00:00:00:00,10.219.128.224/32,10.128.0.0/9,54,151,113,143,6,Allow
10,45,3,00:00:00:00:00:00,00:00:00:00:00:00,10.112.0.0/12,10.160.0.0/11,110,167,97,143,6,Deny
11,82,3,00:00:00:00:00:00,00:00:00:00:00:00,10.218.52.220/30,10.0.0.0/10,11,12,62,117,1,Allow
12,190,3,00:00:00:00:00:00,00:00:00:00:00:00,10.212.74.0/23,10.130.242.61/32,94,183,70,152,1,Allow
13,55,3,00:00:00:00:00:00,00:00:00:00:00:00,10.72.71.192/26,10.35.128.0/19,129,200,50,75,1,Deny
14,155,3,00:00:00:00:00:00,00:00:00:00:00:00,10.224.0.0/11,10.100.0.0/15,51,132,150,168,1,Deny
15,119,3,00:00:00:00:00:00,00:00:00:00:00:00,10.201.240.0/20,10.183.0.0/17,163,195,39,156,6,Allow
16,173,3,00:00:00:00:00:00,00:00:00:00:00:00,10.0.0.0/10,10.0.0.0/10,51,154,36,91,1,Allow
17,171,3,00:00:00:00:00:00,00:00:00:00:00:00,10.80.0.0/14,10.103.105.160/29,13,137,66,117,6,Allow
18,143,3,00:00:00:00:00:00,00:00:00:00:00:00,10.68.99.50/32,10.20.223.120/29,167,169,62,101,1,Allow
19,32,3,00:00:00:00:00:00,00:00:00:00:00:00,10.121.0.0/16,10.254.0.0/15,116,142,25,154,1,Deny
20,192,3,00:00:00:00:00:00,00:00:00:00:00:00,10.240.0.0/13,10.112.0.0/13,14,195,150,198,1,Deny
21,171,3,00:00:00:00:00:00,00:00:00:00:00:00,10.255.118.38/32,10.0.0.0/8,87,183,134,168,6,Allow
22,23,3,00:00:00:00:00:00,00:00:00:00:00:00,10.149.0.0/18,10.0.0.0/8,47,59,69,177,1,Allow
23,140,3,00:00:00:00:00:00,00:00:00:00:00:00,10.201.200.0/22,10.0.0.0/11,9,174,3,60,1,Allow
24,31,3,00:00:00:00:00:00,00:00:00:00:00:00,10.252.64.0/19,10.0.0.0/8,63,68,101,123,1,Deny
25,4,3,00:00:00:00:00:00,00:00:00:00:00:00,10.48.0.0/12,10.141.81.241/32,31,72,65,100,6,Deny
26,24,3,00:00:00:00:00:00,00:00:00:00:00:00,10.0.0.0/10,10.12.32.0/20,92,159,127,182,1,Allow
27,71,3,00:00:00:00:00:00,00:00:00:00:00:00,10.160.0.0/11,10.224.0.0/11,98,130,40,163,1,Deny
28,150,3,00:00:00:00:00:00,00:00:00:00:00:00,10.80.0.0/12,10.0.0.0/8,19,84,3,114,6,Deny
29,188,3,00:00:00:00:00:00,00:00:00:00:00:00,10.47.128.0/17,10.0.0.0/8,34,88,39,117,6,Deny
30,147,3,00:00:00:00:00:00,00:00:00:00:00:00,10.0.0.0/8,10.224.0.0/12,5,198,52,176,1,Deny
31,35,3,00:00:00:00:00:00,00:00:00:00:00:00,10.224.0.0/15,10.168.0.0/13,110,165,177,195,6,Allow
32,27,3,00:00:00:00:00:00,00:00:00:00:00:00,10.78.60.238/32,10.136.142.233/32,53,116,41,91,1,Deny
33,200,3,00:00:00:00:00:00,00:00:00:00:00:00,10.0.0.0/10,10.0.0.0/9,11,61,54,67,1,Allow
34,16,3,00:00:00:00:00:00,00:00:00:00:00:00,10.170.23.212/30,10.128.0.0/12,97,168,151,173,1,Deny
35,181,3,00:00:00:00:00:00,00:00:00:00:00:00,10.36.127.96/28,10.28.224.0/21,111,198,15,106,1,Allow
36,194,3,00:00:00:00:00:00,00:00:00:00:00:00,10.144.58.189/32,10.117.148.48/29,131,164,52,167,6,Deny
37,181,3,00:00:00:00:00:00,00:00:00:00:00:00,10.202.23.8/30,10.34.255.96/32,22,55,39,163,6,Deny
38,185,3,00:00:00:00:00:00,00:00:00:00:00:00,10.128.0.0/13,10.58.197.146/32,14,61,3,74,6,Deny
39,83,3,00:00:00:00:00:00,00:00:00:00:00:00,10.252.0.0/14,10.36.105.92/31,155,186,11,38,6,Deny
40,130,3,00:00:00:00:00:00,00:00:00:00:00:00,10.0.0.0/8,10.197.227.128/25,34,65,153,184,1,Deny
41,105,3,00:00:00:00:00:00,00:00:00:00:00:00,10.136.0.0/14,10.16.242.208/28,104,158,128,144,1,Deny
42,145,3,00:00:00:00:00:00,00:00:00:00:00:00,10.45.0.0/16,10.159.0.0/19,47,75,42,60,6,Deny
43,64,3,00:00:00:00:00:00,00:00:00:00:00:00,10.0.0.0/9,10.214.192.0/20,82,118,154,196,1,Deny
44,136,3,00:00:00:00:00:00,00:00:00:00:00:00,10.96.0.0/11,10.153.4.0/23,158,200,97,115,6,Deny
45,193,3,00:00:00:00:00:00,00:00:00:00:00:00,10.137.0.0/17,10.202.9.135/32,101,180,76,174,6,Allow
46,186,3,00:00:00:00:00:00,00:00:00:00:00:00,10.112.0.0/12,10.128.0.0/11,22,104,25,133,6,Allow
47,116,3,00:00:00:00:00:00,00:00:00:00:00:00,10.0.0.0/10,10.127.163.90/32,18,142,70,125,6,Allow
48,135,3,00:00:00:00:00:00,00:00:00:00:00:00,10.26.96.0/23,10.128.0.0/9,116,143,118,135,1,Allow
49,23,3,00:00:00:00:00:00,00:00:00:00:00:00,10.31.184.17/32,10.66.0.0/17,4,180,58,92,6,Allow
50,166,3,00:00:00:00:00:00,00:00:00:00:00:00,10.216.0.0/14,10.128.0.0/9,115,200,36,62,6,Deny
51,106,3,00:00:00:00:00:00,00:00:00:00:00:00,10.140.0.67/32,10.181.192.0/18,47,146,18,167,1,Allow
52,131,3,00:00:00:00:00:00,00:00:00:00:00:00,10.128.0.0/11,10.0.0.0/11,12,98,22,69,6,Allow
53,8,3,00:00:00:00:00:00,00:00:00:00:00:00,10.176.0.0/12,10.69.25.16/31,128,164,124,159,6,Allow
54,136,3,00:00:00:00:00:00,00:00:00:00:00:00,10.128.0.0/9,10.84.0.0/14,18,28,128,166,6,Allow
55,147,3,00:00:00:00:00:00,00:00:00:00:00:00,10.0.0.0/9,10.160.0.0/11,20,182,147,150,6,Deny
56,72,3,00:00:00:00:00:00,00:00:00:00:00:00,10.96.0.0/13,10.239.8.0/21,69,86,38,152,6,Allow
57,78,3,00:00:00:00:00:00,00:00:00:00:00:00,10.244.0.0/15,10.248.0.0/13,31,157,45,88,1,Allow
58,147,3,00:00:00:00:00:00,00:00:00:00:00:00,10.128.0.0/11,10.96.0.0/11,29,108,51,92,1,Allow
59,29,3,00:00:00:00:00:00,00:00:00:00:00:00,10.0.0.0/8,10.225.189.140/30,41,194,14,108,6,Allow
60,101,3,00:00:00:00:00:00,00:00:00:00:00:00,10.0.0.0/9,10.219.236.0/26,31,150,92,150,1,Allow
61,103,3,00:00:00:00:00:00,00:00:00:00:00:00,10.240.0.0/12,10.133.0.0/16,80,197,50,51,1,Deny
62,49,3,00:00:00:00:00:00,00:00:00:00:00:00,10.32.0.0/11,10.176.0.0/12,42,115,186,198,6,Allow
63,24,3,00:00:00:00:00:00,00:00:00:00:00:00,10.87.128.0/17,10.134.80.0/20,7,127,137,178,6,Allow
64,41,3,00:00:00:00:00:00,00:00:00:00:00:00,10.227.23.192/26,10.232.0.0/13,18,41,44,147,6,Allow
65,79,3,00:00:00:00:00:00,00:00:00:00:00:00,10.80.96.0/21,10.112.0.0/13,58,63,132,192,6,Deny
66,29,3,00:00:00:00:00:00,00:00:00:00:00:00,10.50.25.178/32,10.0.0.0/8,5,190,51,110,1,Deny
67,169,3,00:00:00:00:00:00,00:00:00:00:00:00,10.192.0.0/12,10.21.134.0/23,18,56,13,173,6,Deny
68,118,3,00:00:00:00:00:00,00:00:00:00:00:00,10.96.0.0/11,10.6.33.72/32,28,86,116,174,6,Deny
69,84,3,00:00:00:00:00:00,00:00:00:00:00:00,10.78.64.0/18,10.88.0.0/13,34,155,88,92,6,Deny
70,99,3,00:00:00:00:00:00,00:00:00:00:00:00,10.74.224.0/20,10.246.72.0/22,29,38,159,196,1,Allow
71,187,3,00:00:00:00:00:00,00:00:00:00:00:00,10.0.0.0/8,10.128.0.0/10,107,179,133,140,1,Allow
72,59,3,00:00:00:00:00:00,00:00:00:00:00:00,10.192.0.0/11,10.160.0.0/15,144,149,104,174,1,Deny
73,100,3,00:00:00:00:00:00,00:00:00:00:00:00,10.44.0.0/15,10.244.199.88/29,51,69,178,186,6,Allow
74,90,3,00:00:00:00:00:00,00:00:00:00:00:00,10.0.0.0/8,10.163.0.0/16,77,82,87,136,6,Deny
75,154,3,00:00:00:00:00:00,00:00:00:00:00:00,10.82.0.0/16,10.28.176.0/21,96,169,112,168,1,Allow
76,103,3,00:00:00:00:00:00,00:00:00:00:00:00,10.0.0.0/8,10.64.0.0/10,161,186,155,194,1,Allow
77,140,3,00:00:00:00:00:00,00:00:00:00:00:00,10.176.0.0/12,10.145.160.0/19,111,186,39,103,6,Deny
78,51,3,00:00:00:00:00:00,00:00:00:00:00:00,10.96.0.0/11,10.0.0.0/8,8,167,108,136,1,Deny
79,133,3,00:00:00:00:00:00,00:00:00:00:00:00,10.228.0.0/14,10.32.0.0/12,147,158,45,114,1,Allow
80,158,3,00:00:00:00:00:00,00:00:00:00:00:00,10.74.48.0/22,10.114.0.0/20,39,106,44,152,6,Allow
81,136,3,00:00:00:00:00:00,00:00:00:00:00:00,10.18.0.0/18,10.232.0.0/13,105,146,85,121,1,Deny
82,52,3,00:00:00:00:00:00,00:00:00:00:00:00,10.0.0.0/8,10.108.36.224/32,100,200,16,31,6,Allow
83,136,3,00:00:00:00:00:00,00:00:00:00:00:00,10.54.180.0/23,10.104.0.0/13,64,129,17,121,6,Deny
84,122,3,00:00:00:00:00:00,00:00:00:00:00:00,10.128.0.0/10,10.163.159.64/26,39,145,3,199,6,Deny
85,155,3,00:00:00:00:00:00,00:00:00:00:00:00,10.234.56.8/30,10.252.0.0/15,121,176,19,151,6,Deny
86,97,3,00:00:00:00:00:00,00:00:00:00:00:00,10.32.0.0/11,10.224.0.0/12,161,179,30,31,6,Deny
87,69,3,00:00:00:00:00:00,00:00:00:00:00:00,10.68.0.0/15,10.0.0.0/8,105,194,137,174,6,Allow
88,173,3,00:00:00:00:00:00,00:00:00:00:00:00,10.192.0.0/10,10.112.0.0/12,152,186,19,192,1,Deny
89,44,3,00:00:00:00:00:00,00:00:00:00:00:00,10.144.0.0/12,10.163.90.0/25,9,26,92,153,1,Deny
90,123,3,00:00:00:00:00:00,00:00:00:00:00:00,10.0.0.0/9,10.125.12.138/31,33,123,58,94,6,Deny
91,77,3,00:00:00:00:00:00,00:00:00:00:00:00,10.193.121.15/32,10.203.167.163/32,68,114,74,79,6,Allow
92,24,3,00:00:00:00:00:00,00:00:00:00:00:00,10.0.0.0/8,10.114.0.0/15,76,93,119,123,1,Deny
93,99,3,00:00:00:00:00:00,00:00:00:00:00:00,10.92.104.0/22,10.166.0.0/16,48,73,28,79,6,Allow
94,103,3,00:00:00:00:00:00,00:00:00:00:00:00,10.160.0.0/11,10.208.0.0/12,114,149,26,44,6,Allow
95,39,3,00:00:00:00:00:00,00:00:00:00:00:00,10.178.167.58/32,10.255.236.192/27,91,132,129,180,6,Deny
96,172,3,00:00:00:00:00:00,00:00:00:00:00:00,10.129.192.0/18,10.75.155.248/29,28,102,121,140,1,Deny
97,20,3,00:00:00:00:00:00,00:00:00:00:00:00,10.215.160.152/30,10.192.0.0/10,104,128,112,140,6,Deny
98,148,3,00:00:00:00:00:00,00:00:00:00:00:00,10.192.0.0/12,10.64.0.0/11,16,116,61,81,6,Deny
99,47,3,00:00:00:00:00:00,00:00:00:00:00:00,10.213.103.6/32,10.225.160.0/21,46,48,22,182,6,Deny
100,153,3,00:00:00:00:00:00,00:00:00:00:00:00,10.8.0.0/14,10.0.0.0/8,151,162,98,130,1,Allow
101,101,3,00:00:00:00:00:00,00:00:00:00:00:00,10.0.0.0/12,10.16.0.0/12,177,178,22,32,6,Allow
102,172,3,00:00:00:00:00:00,00:00:00:00:00:00,10.239.128.0/17,10.221.128.0/17,141,196,143,189,1,Allow
103,151,3,00:00:00:00:00:00,00:00:00:00:00:00,10.0.0.0/9,10.128.0.0/10,106,133,33,108,1,Deny
104,139,3,00:00:00:00:00:00,00:00:00:00:00:00,10.121.203.240/29,10.64.0.0/11,126,165,104,179,6,Allow
105,66,3,00:00:00:00:00:00,00:00:00:00:00:00,10.0.0.0/9,10.0.0.0/8,31,84,57,137,6,Deny
106,18,3,00:00:00:00:00:00,00:00:00:00:00:00,10.123.8.0/21,10.8.154.0/23,90,161,23,33,1,Deny
107,84,3,00:00:00:00:00:00,00:00:00:00:00:00,10.32.208.0/20,10.0.0.0/8,58,119,21,134,1,Allow
108,53,3,00:00:00:00:00:00,00:00:00:00:00:00,10.191.192.0/20,10.171.248.0/21,88,94,22,25,1,Allow
109,52,3,00:00:00:00:00:00,00:00:00:00:00:00,10.218.0.0/15,10.48.0.0/12,26,144,37,102,1,Deny
110,78,3,00:00:00:00:00:00,00:00:00:00:00:00,10.0.0.0/9,10.3.0.0/17,26,129,82,199,1,Allow
111,21,3,00:00:00:00:00:00,00:00:00:00:00:00,10.176.0.0/12,10.49.38.147/32,44,122,62,141,1,Allow
112,9,3,00:00:00:00:00:00,00:00:00:00:00:00,10.80.0.0/13,10.5.0.0/17,89,140,94,183,1,Deny
113,164,3,00:00:00:00:00:00,00:00:00:00:00:00,10.174.0.0/15,10.128.0.0/12,1,187,89,156,6,Deny
114,4,3,00:00:00:00:00:00,00:00:00:00:00:00,10.173.49.217/32,10.128.0.0/14,78,144,33,187,1,Deny
115,84,3,00:00:00:00:00:00,00:00:00:00:00:00,10.142.208.32/29,10.58.184.128/25,165,172,66,169,1,Deny
116,175,3,00:00:00:00:00:00,00:00:00:00:00:00,10.234.0.0/15,10.197.240.0/20,16,44,80,116,6,Allow
117,21,3,00:00:00:00:00:00,00:00:00:00:00:00,10.96.0.0/13,10.195.32.0/19,90,161,62,182,6,Allow
118,176,3,00:00:00:00:00:00,00:00:00:00:00:00,10.32.0.0/12,10.128.0.0/12,116,182,113,138,6,Deny
119,84,3,00:00:00:00:00:00,00:00:00:00:00:00,10.67.90.0/23,10.86.212.219/32,66,174,42,69,1,Deny
120,21,3,00:00:00:00:00:00,00:00:00:00:00:00,10.199.7.252/30,10.48.0.0/12,36,170,172,185,6,Allow
121,28,3,00:00:00:00:00:00,00:00:00:00:00:00,10.153.15.112/28,10.156.32.0/19,93,156,66,180,1,Allow
122,142,3,00:00:00:00:00:00,00:00:00:00:00:00,10.0.0.0/10,10.49.46.42/31,126,172,54,161,1,Allow
123,142,3,00:00:00:00:00:00,00:00:00:00:00:00,10.242.60.0/22,10.122.32.0/20,13,70,11,98,6,Allow
124,144,3,00:00:00:00:00:00,00:00:00:00:00:00,10.0.0.0/12,10.64.0.0/10,116,136,179,187,6,Deny
125,70,3,00:00:00:00:00:00,00:00:00:00:00:00,10.227.103.200/30,10.21.164.214/32,60,174,84,94,1,Deny
126,89,3,00:00:00:00:00:00,00:00:00:00:00:00,10.128.0.0/10,10.51.144.80/29,141,186,10,117,1,Allow
127,90,3,00:00:00:00:00:00,00:00:00:00:00:00,10.240.0.0/12,10.0.0.0/8,114,187,20,146,1,Deny
128,64,3,00:00:00:00:00:00,00:00:00:00:00:00,10.180.101.49/32,10.48.0.0/16,126,144,39,105,6,Allow
129,193,3,00:00:00:00:00:00,00:00:00:00:00:00,10.147.43.92/32,10.73.17.158/32,17,195,117,124,1,Allow
130,124,3,00:00:00:00:00:00,00:00:00:00:00:00,10.47.17.144/28,10.61.81.129/32,27,149,7,192,6,Deny
131,100,3,00:00:00:00:00:00,00:00:00:00:00:00,10.48.0.0/14,10.80.0.0/12,138,147,41,51,1,Deny
132,150,3,00:00:00:00:00:00,00:00:00:00:00:00,10.52.183.168/32,10.160.0.0/12,86,92,141,156,1,Allow
133,45,3,00:00:00:00:00:00,00:00:00:00:00:00,10.162.112.0/25,10.128.0.0/15,61,87,124,187,1,Allow
134,103,3,00:00:00:00:00:00,00:00:00:00:00:00,10.246.243.192/26,10.213.160.0/19,107,146,18,175,6,Allow
135,120,3,00:00:00:00:00:00,00:00:00:00:00:00,10.154.14.160/27,10.164.0.0/14,108,159,9,49,6,Allow
136,1,3,00:00:00:00:00:00,00:00:00:00:00:00,10.72.34.18/32,10.166.139.115/32,139,158,54,104,6,Allow
137,56,3,00:00:00:00:00:00,00:00:00:00:00:00,10.253.129.208/31,10.224.0.0/11,58,113,123,144,1,Allow
138,174,3,00:00:00:00:00:00,00:00:00:00:00:00,10.194.128.0/20,10.215.128.0/18,18,127,3,99,6,Allow
139,97,3,00:00:00:00:00:00,00:00:00:00:00:00,10.32.0.0/11,10.14.0.0/16,123,197,79,188,6,Deny
140,167,3,00:00:00:00:00:00,00:00:00:00:00:00,10.128.0.0/9,10.0.0.0/10,7,180,6,151,6,Deny
141,114,3,00:00:00:00:00:00,00:00:00:00:00:00,10.47.29.64/27,10.240.128.0/17,94,152,76,190,1,Deny
142,137,3,00:00:00:00:00:00,00:00:00:00:00:00,10.0.0.0/10,10.227.125.170/32,172,191,69,192,6,Deny
143,29,3,00:00:00:00:00:00,00:00:00:00:00:00,10.232.0.0/13,10.90.183.249/32,133,155,38,166,1,Deny
144,168,3,00:00:00:00:00:00,00:00:00:00:00:00,10.88.166.160/30,10.109.160.0/20,39,69,64,70,6,Allow
145,26,3,00:00:00:00:00:00,00:00:00:00:00:00,10.122.170.125/32,10.96.0.0/11,164,188,25,102,1,Deny
146,83,3,00:00:00:00:00:00,00:00:00:00:00:00,10.0.0.0/9,10.192.0.0/10,178,180,82,119,1,Allow
147,54,3,00:00:00:00:00:00,00:00:00:00:00:00,10.192.0.0/11,10.48.0.0/13,3,60,183,191,1,Deny
148,201,3,00:00:00:00:00:00,00:00:00:00:00:00,10.67.0.0/16,10.145.19.48/28,41,43,96,180,6,Allow
149,38,3,00:00:00:00:00:00,00:00:00:00:00:00,10.187.0.0/16,10.238.22.8/32,75,169,55,143,1,Deny
150,76,3,00:00:00:00:00:00,00:00:00:00:00:00,10.64.0.0/10,10.198.226.21/32,2,13,11,36,1,Allow
151,140,3,00:00:00:00:00:00,00:00:00:00:00:00,10.194.220.128/26,10.130.113.122/32,84,105,2,136,6,Deny
152,3,3,00:00:00:00:00:00,00:00:00:00:00:00,10.96.71.224/27,10.128.0.0/13,86,107,150,192,6,Deny
153,11,3,00:00:00:00:00:00,00:00:00:00:00:00,10.144.0.0/13,10.37.0.0/16,44,170,27,33,1,Deny
154,164,3,00:00:00:00:00:00,00:00:00:00:00:00,10.198.0.0/15,10.216.146.208/30,111,125,121,149,1,Deny
155,33,3,00:00:00:00:00:00,00:00:00:00:00:00,10.25.0.0/18,10.128.0.0/9,160,178,82,138,1,Allow
156,2,3,00:00:00:00:00:00,00:00:00:00:00:00,10.224.63.48/30,10.78.109.80/28,17,167,103,196,6,Allow
157,23,3,00:00:00:00:00:00,00:00:00:00:00:00,10.0.0.0/8,10.76.0.0/17,48,194,18,93,6,Allow
158,102,3,00:00:00:00:00:00,00:00:00:00:00:00,10.47.0.0/18,10.112.0.0/16,129,168,133,156,1,Allow
159,63,3,00:00:00:00:00:00,00:00:00:00:00:00,10.23.171.216/30,10.144.0.0/14,15,148,5,98,6,Allow
160,127,3,00:00:00:00:00:00,00:00:00:00:00:00,10.0.0.0/8,10.213.39.224/28,22,183,15,22,1,Deny
161,44,3,00:00:00:00:00:00,00:00:00:00:00:00,10.208.0.0/14,10.128.0.0/10,71,146,32,153,1,Allow
162,46,3,00:00:00:00:00:00,00:00:00:00:00:00,10.162.16.0/21,10.0.0.0/8,84,182,8,68,1,Allow
163,34,3,00:00:00:00:00:00,00:00:00:00:00:00,10.106.246.192/27,10.194.0.0/16,168,171,129,185,1,Allow
164,188,3,00:00:00:00:00:00,00:00:00:00:00:00,10.254.0.0/15,10.199.36.216/32,37,182,30,49,6,Deny
165,105,3,00:00:00:00:00:00,00:00:00:00:00:00,10.91.42.208/29,10.121.112.0/21,14,25,68,120,6,Allow
166,124,3,00:00:00:00:00:00,00:00:00:00:00:00,10.144.0.0/12,10.128.0.0/10,17,53,81,88,1,Deny
167,5,3,00:00:00:00:00:00,00:00:00:00:00:00,10.140.26.82/32,10.2.0.0/15,142,183,2,59,6,Allow
168,150,3,00:00:00:00:00:00,00:00:00:00:00:00,10.253.28.248/32,10.159.0.0/17,68,186,10,199,6,Allow
169,181,3,00:00:00:00:00:00,00:00:00:00:00:00,10.220.0.0/14,10.0.0.0/9,62,127,62,136,6,Deny
170,46,3,00:00:00:00:00:00,00:00:00:00:00:00,10.64.0.0/10,10.141.8.129/32,46,77,89,170,6,Allow
171,131,3,00:00:00:00:00:00,00:00:00:00:00:00,10.223.69.160/28,10.0.0.0/9,6,156,43,99,1,Deny
172,183,3,00:00:00:00:00:00,00:00:00:00:00:00,10.229.116.0/22,10.176.86.38/32,3,168,52,78,1,Deny
173,122,3,00:00:00:00:00:00,00:00:00:00:00:00,10.128.0.0/9,10.160.0.0/11,49,82,188,191,1,Allow
174,26,3,00:00:00:00:00:00,00:00:00:00:00:00,10.16.0.0/14,10.212.16.128/26,23,68,23,83,6,Allow
175,132,3,00:00:00:00:00:00,00:00:00:00:00:00,10.36.0.0/15,10.176.0.0/12,71,173,3,176,6,Deny
176,190,3,00:00:00:00:00:00,00:00:00:00:00:00,10.60.0.0/14,10.29.43.0/25,1,68,25,109,1,Allow
177,70,3,00:00:00:00:00:00,00:00:00:00:00:00,10.160.0.0/11,10.161.0.0/17,19,69,80,189,6,Allow
178,58,3,00:00:00:00:00:00,00:00:00:00:00:00,10.156.161.120/29,10.157.128.0/17,26,131,31,98,1,Allow
179,44,3,00:00:00:00:00:00,00:00:00:00:00:00,10.32.0.0/13,10.64.0.0/13,87,196,36,179,6,Deny
180,88,3,00:00:00:00:00:00,00:00:00:00:00:00,10.0.0.0/8,10.244.0.0/14,63,65,129,148,6,Deny
181,176,3,00:00:00:00:00:00,00:00:00:00:00:00,10.212.132.176/28,10.216.0.0/14,61,190,102,144,1,Deny
182,82,3,00:00:00:00:00:00,00:00:00:00:00:00,10.33.148.0/22,10.204.0.0/16,24,132,24,25,6,Allow
183,54,3,00:00:00:00:00:00,00:00:00:00:00:00,10.110.192.0/19,10.172.135.161/32,57,63,77,104,1,Deny
184,99,3,00:00:00:00:00:00,00:00:00:00:00:00,10.123.105.80/28,10.0.0.0/8,157,164,41,98,1,Deny
185,155,3,00:00:00:00:00:00,00:00:00:00:00:00,10.0.0.0/8,10.128.0.0/10,88,112,27,124,1,Deny
186,123,3,00:00:00:00:00:00,00:00:00:00:00:00,10.32.0.0/11,10.144.174.16/28,135,139,29,140,6,Allow
187,3,3,00:00:00:00:00:00,00:00:00:00:00:00,10.0.0.0/10,10.173.113.240/28,8,84,26,168,6,Deny
188,123,3,00:00:00:00:00:00,00:00:00:00:00:00,10.129.224.0/20,10.0.0.0/13,88,93,38,51,1,Allow
189,102,3,00:00:00:00:00:00,00:00:00:00:00:00,10.172.0.0/14,10.17.224.0/20,94,173,131,181,6,Allow
190,111,3,00:00:00:00:00:00,00:00:00:00:00:00,10.0.0.0/9,10.216.0.0/13,53,138,10,163,1,Allow
191,84,3,00:00:00:00:00:00,00:00:00:00:00:00,10.128.0.0/10,10.0.0.0/8,77,188,29,107,6,Deny
192,146,3,00:00:00:00:00:00,00:00:00:00:00:00,10.64.0.0/11,10.235.66.26/32,9,190,21,105,6,Deny
193,56,3,00:00:00:00:00:00,00:00:00:00:00:00,10.135.232.0/22,10.3.208.0/20,35,153,144,157,1,Allow
194,92,3,00:00:00:00:00:00,00:00:00:00:00:00,10.174.75.102/32,10.3.0.0/20,12,47,86,117,1,Deny
195,82,3,00:00:00:00:00:00,00:00:00:00:00:00,10.74.159.88/30,10.24.128.0/20,28,104,78,162,6,Deny
196,121,3,00:00:00:00:00:00,00:00:00:00:00:00,10.139.238.168/32,10.174.95.128/26,85,195,125,133,1,Allow
197,56,3,00:00:00:00:00:00,00:00:00:00:00:00,10.211.112.0/21,10.0.0.0/8,53,142,75,191,6,Allow
198,9,3,00:00:00:00:00:00,00:00:00:00:00:00,10.128.0.0/11,10.252.0.0/14,15,115,59,135,1,Allow
199,187,3,00:00:00:00:00:00,00:00:00:00:00:00,10.70.0.0/15,10.198.232.0/21,2,99,84,164,1,Allow
200,16,3,00:00:00:00:00:00,00:00:00:00:00:00,10.183.81.26/32,10.81.64.0/20,114,189,187,200,1,Deny
201,32,3,00:00:00:00:00:00,00:00:00:00:00:00,10.172.111.132/32,10.192.192.0/18,119,152,84,145,1,Allow
202,123,3,00:00:00:00:00:00,00:00:00:00:00:00,10.67.42.163/32,10.0.0.0/9,106,200,7,15,6,Deny
203,10,3,00:00:00:00:00:00,00:00:00:00:00:00,10.0.0.0/10,10.144.252.0/23,125,126,146,192,6,Deny
204,21,3,00:00:00:00:00:00,00:00:00:00:00:00,10.86.226.132/30,10.0.0.0/8,4,94,76,114,1,Allow
205,120,3,00:00:00:00:00:00,00:00:00:00:00:00,10.99.71.88/32,10.231.90.96/27,149,184,37,191,6,Allow
206,156,3,00:00:00:00:00:00,00:00:00:00:00:00,10.192.0.0/10,10.128.0.0/10,44,109,116,166,6,Deny
207,59,3,00:00:00:00:00:00,00:00:00:00:00:00,10.240.0.0/12,10.0.0.0/10,110,164,80,154,1,Allow
208,85,3,00:00:00:00:00:00,00:00:00:00:00:00,10.128.0.0/9,10.11.0.0/16,54,91,91,122,6,Allow
209,43,3,00:00:00:00:00:00,00:00:00:00:00:00,10.100.128.0/17,10.96.0.0/14,84,157,17,176,1,Allow
210,12,3,00:00:00:00:00:00,00:00:00:00:00:00,10.0.0.0/12,10.0.0.0/8,109,191,103,164,1,Allow
211,134,3,00:00:00:00:00:00,00:00:00:00:00:00,10.0.0.0/8,10.192.0.0/10,48,78,87,187,6,Allow
212,121,3,00:00:00:00:00:00,00:00:00:00:00:00,10.176.0.0/12,10.128.0.0/9,29,109,45,170,6,Allow
213,144,3,00:00:00:00:00:00,00:00:00:00:00:00,10.214.209.247/32,10.112.0.0/12,111,151,40,178,1,Deny
214,45,3,00:00:00:00:00:00,00:00:00:00:00:00,10.0.0.0/8,10.200.0.0/13,89,163,22,101,6,Allow
215,63,3,00:00:00:00:00:00,00:00:00:00:00:00,10.252.208.172/32,10.101.222.0/27,7,8,26,53,1,Allow
216,180,3,00:00:00:00:00:00,00:00:00:00:00:00,10.224.0.0/11,10.160.0.0/14,98,150,15,142,6,Deny
217,78,3,00:00:00:00:00:00,00:00:00:00:00:00,10.65.95.19/32,10.144.0.0/12,11,56,28,69,1,Allow
218,37,3,00:00:00:00:00:00,00:00:00:00:00:00,10.134.204.152/32,10.0.0.0/10,73,150,95,187,1,Allow
219,173,3,00:00:00:00:00:00,00:00:00:00:00:00,10.4.96.0/19,10.144.0.0/14,34,77,10,196,6,Deny
220,11,3,00:00:00:00:00:00,00:00:00:00:00:00,10.164.80.0/20,10.9.96.0/19,48,146,11,59,6,Deny
221,29,3,00:00:00:00:00:00,00:00:00:00:00:00,10.0.0.0/8,10.108.0.0/14,1,94,38,109,1,Allow
222,167,3,00:00:00:00:00:00,00:00:00:00:00:00,10.1.169.199/32,10.118.221.9/32,63,86,50,106,6,Allow
223,17,3,00:00:00:00:00:00,00:00:00:00:00:00,10.184.0.0/13,10.164.232.0/27,89,101,29,140,6,Allow
224,3,3,00:00:00:00:00:00,00:00:00:00:00:00,10.158.130.0/23,10.31.202.108/30,37,106,99,106,6,Allow
225,154,3,00:00:00:00:00:00,00:00:00:00:00:00,10.160.0.0/11,10.12.207.199/32,68,81,47,74,1,Allow
226,112,3,00:00:00:00:00:00,00:00:00:00:00:00,10.45.82.232/29,10.159.240.0/21,145,178,42,197,1,Allow
227,43,3,00:00:00:00:00:00,00:00:00:00:00:00,10.0.0.0/8,10.112.0.0/14,5,37,39,88,1,Allow
228,82,3,00:00:00:00:00:00,00:00:00:00:00:00,10.128.0.0/9,10.43.154.128/27,2,171,15,137,1,Allow
229,118,3,00:00:00:00:00:00,00:00:00:00:00:00,10.11.191.164/30,10.16.96.0/20,71,114,86,125,1,Allow
230,33,3,00:00:00:00:00:00,00:00:00:00:00:00,10.47.224.0/19,10.251.16.0/21,41,46,125,162,6,Deny
231,162,3,00:00:00:00:00:00,00:00:00:00:00:00,10.128.0.0/10,10.254.197.176/30,69,76,125,150,6,Deny
232,186,3,00:00:00:00:00:00,00:00:00:00:00:00,10.20.32.224/27,10.64.0.0/10,19,43,53,134,6,Allow
233,97,3,00:00:00:00:00:00,00:00:00:00:00:00,10.184.0.0/14,10.192.0.0/10,8,116,15,136,6,Allow
234,140,3,00:00:00:00:00:00,00:00:00:00:00:00,10.0.0.0/10,10.76.0.0/14,14,105,126,148,1,Deny
235,23,3,00:00:00:00:00:00,00:00:00:00:00:00,10.255.248.24/30,10.244.128.0/17,5,181,142,159,1,Allow
236,169,3,00:00:00:00:00:00,00:00:00:00:00:00,10.128.0.0/10,10.54.205.232/29,102,155,119,191,1,Deny
237,81,3,00:00:00:00:00:00,00:00:00:00:00:00,10.128.0.0/12,10.152.0.0/14,138,190,12,153,6,Deny
238,172,3,00:00:00:00:00:00,00:00:00:00:00:00,10.0.0.0/8,10.160.199.112/30,54,181,21,142,6,Deny
239,61,3,00:00:00:00:00:00,00:00:00:00:00:00,10.163.121.0/25,10.96.0.0/12,147,162,25,78,6,Deny
240,31,3,00:00:00:00:00:00,00:00:00:00:00:00,10.128.0.0/14,10.30.190.32/27,27,73,85,138,6,Allow
241,7,3,00:00:00:00:00:00,00:00:00:00:00:00,10.0.0.0/8,10.249.230.7/32,39,110,77,188,1,Deny
242,112,3,00:00:00:00:00:00,00:00:00:00:00:00,10.128.0.0/10,10.178.203.0/29,56,191,44,133,1,Allow
243,57,3,00:00:00:00:00:00,00:00:00:00:00:00,10.192.0.0/11,10.176.0.0/12,79,85,66,176,1,Deny
244,10,3,00:00:00:00:00:00,00:00:00:00:00:00,10.0.0.0/11,10.132.152.0/22,56,81,59,112,6,Allow
245,35,3,00:00:00:00:00:00,00:00:00:00:00:00,10.0.0.0/8,10.22.86.128/29,91,100,6,86,6,Deny
246,29,3,00:00:00:00:00:00,00:00:00:00:00:00,10.156.0.0/14,10.64.0.0/10,111,188,6,173,1,Deny
247,89,3,00:00:00:00:00:00,00:00:00:00:00:00,10.0.0.0/8,10.160.0.0/15,1,49,10,34,6,Deny
248,154,3,00:00:00:00:00:00,00:00:00:00:00:00,10.128.0.0/9,10.32.0.0/11,87,147,121,198,6,Allow
249,105,3,00:00:00:00:00:00,00:00:00:00:00:00,10.221.229.0/26,10.16.0.0/12,139,149,91,141,1,Allow
250,86,3,00:00:00:00:00:00,00:00:00:00:00:00,10.176.56.96/28,10.171.65.29/32,10,105,29,43,1,Allow
251,197,3,00:00:00:00:00:00,00:00:00:00:00:00,10.128.0.0/9,10.38.238.0/25,57,114,7,176,6,Allow
252,175,3,00:00:00:00:00:00,00:00:00:00:00:00,10.0.0.0/9,10.64.0.0/11,115,173,16,187,1,Allow
253,146,3,00:00:00:00:00:00,00:00:00:00:00:00,10.0.0.0/8,10.224.0.0/11,30,49,106,184,6,Allow
254,117,3,00:00:00:00:00:00,00:00:00:00:00:00,10.128.0.0/9,10.13.128.0/19,42,117,96,200,1,Allow
255,3,3,00:00:00:00:00:00,00:00:00:00:00:00,10.233.224.0/19,10.199.125.120/32,127,145,109,148,6,Allow
256,49,3,00:00:00:00:00:00,00:00:00:00:00:00,10.0.0.0/8,10.176.0.0/12,24,41,102,136,1,Allow
257,4,3,00:00:00:00:00:00,00:00:00:00:00:00,10.137.251.208/28,10.239.112.128/26,155,172,22,125,6,Allow
258,140,3,00:00:00:00:00:00,00:00:00:00:00:00,10.114.0.0/15,10.47.111.104/30,61,71,128,136,6,Deny
259,118,3,00:00:00:00:00:00,00:00:00:00:00:00,10.0.0.0/12,10.39.171.117/32,38,187,45,46,1,Deny
260,141,3,00:00:00:00:00:00,00:00:00:00:00:00,10.208.142.61/32,10.0.0.0/9,85,129,56,126,6,Allow
261,43,3,00:00:00:00:00:00,00:00:00:00:00:00,10.128.0.0/9,10.227.240.0/20,159,175,46,151,6,Deny
262,35,3,00:00:00:00:00:00,00:00:00:00:00:00,10.3.188.0/22,10.161.64.0/18,23,37,81,99,1,Allow
263,156,3,00:00:00:00:00:00,00:00:00:00:00:00,10.192.0.0/10,10.205.244.0/22,69,72,4,171,6,Deny
264,4,3,00:00:00:00:00:00,00:00:00:00:00:00,10.32.0.0/12,10.22.0.0/15,51,116,36,119,6,Deny
265,87,3,00:00:00:00:00:00,00:00:00:00:00:00,10.96.0.0/12,10.128.0.0/10,27,32,26,191,1,Allow
266,84,3,00:00:00:00:00:00,00:00:00:00:00:00,10.128.0.0/10,10.200.80.64/27,118,155,27,97,1,Allow
267,20,3,00:00:00:00:00:00,00:00:00:00:00:00,10.129.85.128/25,10.0.0.0/8,38,165,136,180,6,Allow
268,16,3,00:00:00:00:00:00,00:00:00:00:00:00,10.186.115.172/30,10.192.128.0/18,121,193,112,114,1,Allow
269,21,3,00:00:00:00:00:00,00:00:00:00:00:00,10.66.236.97/32,10.232.128.0/17,83,125,116,177,1,Deny
270,79,3,00:00:00:00:00:00,00:00:00:00:00:00,10.174.48.0/20,10.47.93.1/32,145,159,73,192,6,Deny
271,124,3,00:00:00:00:00:00,00:00:00:00:00:00,10.153.135.64/27,10.176.0.0/13,54,55,106,189,6,Deny
272,59,3,00:00:00:00:00:00,00:00:00:00:00:00,10.106.0.0/19,10.224.0.0/11,69,196,100,110,1,Allow
273,191,3,00:00:00:00:00:00,00:00:00:00:00:00,10.173.56.0/22,10.232.0.0/13,96,97,28,130,6,Allow
274,188,3,00:00:00:00:00:00,00:00:00:00:00:00,10.139.0.0/17,10.235.70.0/23,12,138,56,120,1,Allow
275,118,3,00:00:00:00:00:00,00:00:00:00:00:00,10.124.0.0/15,10.164.2.156/30,15,193,28,67,1,Allow
276,112,3,00:00:00:00:00:00,00:00:00:00:00:00,10.10.5.87/32,10.248.0.0/14,88,105,11,141,6,Deny
277,26,3,00:00:00:00:00:00,00:00:00:00:00:00,10.241.192.0/18,10.128.0.0/9,55,68,25,87,6,Deny
278,44,3,00:00:00:00:00:00,00:00:00:00:00:00,10.128.128.0/17,10.1.255.48/31,11,93,115,177,1,Allow
279,188,3,00:00:00:00:00:00,00:00:00:00:00:00,10.168.0.0/13,10.50.190.109/32,127,168,90,162,1,Deny
280,155,3,00:00:00:00:00:00,00:00:00:00:00:00,10.244.0.0/14,10.36.196.80/28,16,26,136,159,6,Allow
281,63,3,00:00:00:00:00:00,00:00:00:00:00:00,10.212.0.0/14,10.46.224.0/20,99,127,129,135,6,Allow
282,79,3,00:00:00:00:00:00,00:00:00:00:00:00,10.236.0.0/14,10.248.0.0/13,43,52,41,92,6,Allow
283,62,3,00:00:00:00:00:00,00:00:00:00:00:00,10.126.0.0/16,10.152.0.0/13,161,182,132,165,6,Allow
284,51,3,00:00:00:00:00:00,00:00:00:00:00:00,10.187.64.0/18,10.8.0.0/13,116,182,42,73,1,Allow
285,152,3,00:00:00:00:00:00,00:00:00:00:00:00,10.96.0.0/11,10.147.224.0/21,61,158,145,190,6,Allow
286,154,3,00:00:00:00:00:00,00:00:00:00:00:00,10.114.87.0/25,10.171.62.40/29,44,107,41,91,1,Allow
287,193,3,00:00:00:00:00:00,00:00:00:00:00:00,10.89.224.0/20,10.0.0.0/10,67,194,76,110,1,Deny
288,188,3,00:00:00:00:00:00,00:00:00:00:00:00,10.0.0.0/10,10.12.128.0/17,35,89,114,159,1,Allow
289,33,3,00:00:00:00:00:00,00:00:00:00:00:00,10.36.87.96/28,10.0.0.0/9,17,111,79,153,1,Deny
290,148,3,00:00:00:00:00:00,00:00:00:00:00:00,10.36.0.0/14,10.100.0.0/14,172,184,79,89,1,Deny
291,166,3,00:00:00:00:00:00,00:00:00:00:00:00,10.128.0.0/11,10.42.205.226/32,117,128,64,155,6,Deny
292,35,3,00:00:00:00:00:00,00:00:00:00:00:00,10.128.0.0/9,10.125.220.0/22,114,128,27,31,6,Allow
293,201,3,00:00:00:00:00:00,00:00:00:00:00:00,10.232.80.0/20,10.198.46.176/28,109,116,139,153,6,Allow
294,89,3,00:00:00:00:00:00,00:00:00:00:00:00,10.181.167.192/26,10.128.0.0/9,77,185,72,91,1,Allow
295,133,3,00:00:00:00:00:00,00:00:00:00:00:00,10.64.0.0/10,10.116.143.31/32,39,139,161,186,1,Deny
296,151,3,00:00:00:00:00:00,00:00:00:00:00:00,10.112.0.0/13,10.20.100.0/22,103,105,79,186,1,Allow
297,50,3,00:00:00:00:00:00,00:00:00:00:00:00,10.0.0.0/9,10.90.0.0/16,154,176,145,193,1,Deny
298,133,3,00:00:00:00:00:00,00:00:00:00:00:00,10.212.80.0/22,10.131.131.192/32,55,107,145,165,1,Deny
299,137,3,00:00:00:00:00:00,00:00:00:00:00:00,10.158.77.232/32,10.224.16.216/32,74,117,171,184,1,Allow
300,13,3,00:00:00:00:00:00,00:00:00:00:00:00,10.128.0.0/11,10.44.0.0/14,61,151,52,91,6,Deny
301,147,3,00:00:00:00:00:00,00:00:00:00:00:00,10.160.0.0/12,10.128.0.0/10,66,181,40,127,6,Allow
302,128,3,00:00:00:00:00:00,00:00:00:00:00:00,10.113.88.0/22,10.107.0.0/16,48,157,48,88,1,Deny
303,140,3,00:00:00:00:00:00,00:00:00:00:00:00,10.252.226.75/32,10.41.128.0/17,55,183,82,101,1,Allow
304,51,3,00:00:00:00:00:00,00:00:00:00:00:00,10.96.0.0/12,10.187.142.128/25,110,147,42,106,1,Deny
305,195,3,00:00:00:00:00:00,00:00:00:00:00:00,10.144.0.0/12,10.24.0.0/16,18,37,24,113,1,Allow
306,100,3,00:00:00:00:00:00,00:00:00:00:00:00,10.64.0.0/11,10.192.0.0/13,29,31,28,122,6,Allow
307,14,3,00:00:00:00:00:00,00:00:00:00:00:00,10.128.0.0/13,10.128.0.0/11,88,171,169,173,1,Allow
308,137,3,00:00:00:00:00:00,00:00:00:00:00:00,10.0.0.0/8,10.20.64.0/21,46,133,72,94,6,Allow
309,13,3,00:00:00:00:00:00,00:00:00:00:00:00,10.85.82.149/32,10.0.0.0/9,188,189,147,171,6,Allow
310,170,3,00:00:00:00:00:00,00:00:00:00:00:00,10.184.110.16/28,10.136.169.64/28,106,126,39,90,1,Deny
311,180,3,00:00:00:00:00:00,00:00:00:00:00:00,10.160.0.0/12,10.0.0.0/8,31,171,48,91,6,Deny
312,66,3,00:00:00:00:00:00,00:00:00:00:00:00,10.240.242.141/32,10.236.0.0/14,15,175,86,167,1,Deny
313,70,3,00:00:00:00:00:00,00:00:00:00:00:00,10.128.32.0/21,10.175.64.158/32,1,15,5,183,6,Deny
314,164,3,00:00:00:00:00:00,00:00:00:00:00:00,10.128.0.0/9,10.206.0.0/15,176,186,132,185,6,Allow
315,74,3,00:00:00:00:00:00,00:00:00:00:00:00,10.0.0.0/9,10.0.0.0/8,109,140,56,178,1,Deny
316,194,3,00:00:00:00:00:00,00:00:00:00:00:00,10.150.133.96/29,10.0.0.0/10,41,155,149,155,6,Allow
317,1,3,00:00:00:00:00:00,00:00:00:00:00:00,10.159.40.0/21,10.215.176.0/20,77,112,40,171,1,Allow
318,119,3,00:00:00:00:00:00,00:00:00:00:00:00,10.240.0.0/12,10.128.0.0/9,108,171,92,167,6,Allow
319,70,3,00:00:00:00:00:00,00:00:00:00:00:00,10.0.0.0/8,10.0.0.0/9,142,179,6,117,1,Allow
320,34,3,00:00:00:00:00:00,00:00:00:00:00:00,10.99.152.160/27,10.73.35.176/30,9,115,33,162,6,Deny
321,133,3,00:00:00:00:00:00,00:00:00:00:00:00,10.140.117.128/25,10.234.240.0/22,150,153,17,110,6,Deny
322,53,3,00:00:00:00:00:00,00:00:00:00:00:00,10.254.224.0/20,10.127.19.32/27,81,84,19,31,6,Allow
323,112,3,00:00:00:00:00:00,00:00:00:00:00:00,10.248.135.128/26,10.192.0.0/11,1,172,5,97,1,Deny
324,166,3,00:00:00:00:00:00,00:00:00:00:00:00,10.128.0.0/9,10.75.64.0/21,67,163,26,28,6,Deny
325,17,3,00:00:00:00:00:00,00:00:00:00:00:00,10.224.0.0/11,10.151.0.0/18,5,24,104,113,6,Allow
326,143,3,00:00:00:00:00:00,00:00:00:00:00:00,10.128.0.0/9,10.84.164.128/25,67,197,188,200,1,Allow
327,50,3,00:00:00:00:00:00,00:00:00:00:00:00,10.0.0.0/12,10.64.0.0/10,88,126,37,72,1,Allow
328,147,3,00:00:00:00:00:00,00:00:00:00:00:00,10.171.136.0/21,10.225.137.176/29,129,145,112,147,1,Deny
329,168,3,00:00:00:00:00:00,00:00:00:00:00:00,10.217.182.32/30,10.48.0.0/12,98,118,36,165,6,Deny
330,95,3,00:00:00:00:00:00,00:00:00:00:00:00,10.165.0.0/17,10.80.0.0/13,107,109,100,199,1,Allow
331,10,3,00:00:00:00:00:00,00:00:00:00:00:00,10.94.68.0/23,10.0.0.0/8,29,159,112,172,1,Deny
332,172,3,00:00:00:00:00:00,00:00:00:00:00:00,10.196.0.0/14,10.128.0.0/13,10,86,127,141,1,Deny
333,12,3,00:00:00:00:00:00,00:00:00:00:00:00,10.102.0.0/15,10.60.0.0/18,103,121,117,153,6,Deny
334,44,3,00:00:00:00:00:00,00:00:00:00:00:00,10.185.128.0/19,10.152.0.0/13,183,184,49,110,6,Allow
335,199,3,00:00:00:00:00:00,00:00:00:00:00:00,10.244.0.0/17,10.192.216.0/21,84,128,33,196,6,Deny
336,104,3,00:00:00:00:00:00,00:00:00:00:00:00,10.19.32.104/32,10.128.0.0/9,91,122,74,77,6,Allow
337,1,3,00:00:00:00:00:00,00:00:00:00:00:00,10.192.0.0/12,10.32.0.0/13,83,162,44,93,1,Deny
338,62,3,00:00:00:00:00:00,00:00:00:00:00:00,10.34.64.0/18,10.113.128.0/17,67,174,8,64,1,Deny
339,109,3,00:00:00:00:00:00,00:00:00:00:00:00,10.29.214.128/26,10.64.0.0/10,54,132,98,176,6,Deny
340,168,3,00:00:00:00:00:00,00:00:00:00:00:00,10.134.64.0/18,10.42.144.0/20,171,199,94,123,1,Deny
341,8,3,00:00:00:00:00:00,00:00:00:00:00:00,10.128.0.0/11,10.0.0.0/11,95,125,114,125,1,Allow
342,153,3,00:00:00:00:00:00,00:00:00:00:00:00,10.40.0.0/13,10.128.0.0/9,124,197,57,194,1,Deny
343,101,3,00:00:00:00:00:00,00:00:00:00:00:00,10.128.0.0/10,10.96.0.0/11,63,154,120,151,1,Allow
344,195,3,00:00:00:00:00:00,00:00:00:00:00:00,10.224.0.0/11,10.213.32.0/20,63,124,137,199,6,Deny
345,134,3,00:00:00:00:00:00,00:00:00:00:00:00,10.194.108.128/32,10.62.0.0/15,64,198,65,97,6,Allow
346,11,3,00:00:00:00:00:00,00:00:00:00:00:00,10.242.0.0/15,10.144.0.0/12,52,118,120,172,6,Deny
347,117,3,00:00:00:00:00:00,00:00:00:00:00:00,10.144.0.0/14,10.0.0.0/8,5,144,28,156,1,Deny
348,166,3,00:00:00:00:00:00,00:00:00:00:00:00,10.4.96.0/19,10.46.112.0/21,95,106,135,182,6,Allow
349,151,3,00:00:00:00:00:00,00:00:00:00:00:00,10.96.0.0/12,10.14.19.66/32,14,159,89,181,1,Deny
350,194,3,00:00:00:00:00:00,00:00:00:00:00:00,10.0.0.0/9,10.56.0.0/17,41,60,144,192,6,Deny
351,182,3,00:00:00:00:00:00,00:00:00:00:00:00,10.167.128.0/19,10.211.104.0/22,41,116,56,74,1,Deny
352,178,3,00:00:00:00:00:00,00:00:00:00:00:00,10.212.149.174/32,10.133.173.113/32,48,162,109,186,1,Deny
353,32,3,00:00:00:00:00:00,00:00:00:00:00:00,10.128.0.0/9,10.240.0.0/14,65,155,92,177,1,Deny
354,44,3,00:00:00:00:00:00,00:00:00:00:00:00,10.160.0.0/11,10.176.0.0/13,1,135,67,200,6,Allow
355,34,3,00:00:00:00:00:00,00:00:00:00:00:00,10.160.0.0/11,10.27.0.0/17,118,175,153,176,1,Deny
356,109,3,00:00:00:00:00:00,00:00:00:00:00:00,10.208.0.0/12,10.0.0.0/8,70,115,47,155,1,Allow
357,159,3,00:00:00:00:00:00,00:00:00:00:00:00,10.229.6.219/32,10.160.0.0/12,94,149,92,135,6,Allow
358,51,3,00:00:00:00:00:00,00:00:00:00:00:00,10.160.0.0/11,10.128.0.0/10,139,172,9,54,6,Deny
359,64,3,00:00:00:00:00:00,00:00:00:00:00:00,10.216.96.0/20,10.0.0.0/8,72,120,138,146,1,Deny
360,99,3,00:00:00:00:00:00,00:00:00:00:00:00,10.230.0.0/16,10.0.0.0/12,174,186,57,197,6,Deny
361,166,3,00:00:00:00:00:00,00:00:00:00:00:00,10.0.0.0/10,10.203.160.0/19,73,128,64,171,1,Deny
362,77,3,00:00:00:00:00:00,00:00:00:00:00:00,10.131.235.16/30,10.128.0.0/12,24,182,75,86,6,Allow
363,25,3,00:00:00:00:00:00,00:00:00:00:00:00,10.223.0.0/16,10.0.0.0/9,7,25,137,167,6,Allow
364,159,3,00:00:00:00:00:00,00:00:00:00:00:00,10.88.0.0/13,10.168.168.0/22,6,127,83,181,6,Allow
365,105,3,00:00:00:00:00:00,00:00:00:00:00:00,10.240.0.0/12,10.58.0.0/16,86,168,106,138,6,Allow
366,187,3,00:00:00:00:00:00,00:00:00:00:00:00,10.216.0.0/13,10.117.0.0/17,3,61,116,125,1,Allow
367,111,3,00:00:00:00:00:00,00:00:00:00:00:00,10.0.0.0/8,10.75.0.0/18,74,189,51,95,1,Allow
368,67,3,00:00:00:00:00:00,00:00:00:00:00:00,10.156.208.0/21,10.79.108.49/32,1,118,57,88,6,Deny
369,184,3,00:00:00:00:00:00,00:00:00:00:00:00,10.128.0.0/9,10.244.0.0/14,15,89,81,158,6,Allow
370,46,3,00:00:00:00:00:00,00:00:00:00:00:00,10.0.0.0/8,10.0.0.0/8,1,112,90,147,6,Allow
371,138,3,00:00:00:00:00:00,00:00:00:00:00:00,10.192.0.0/11,10.160.0.0/11,55,67,74,149,6,Allow
372,116,3,00:00:00:00:00:00,00:00:00:00:00:00,10.253.72.0/22,10.240.0.0/13,4,150,40,169,1,Allow
373,200,3,00:00:00:00:00:00,00:00:00:00:00:00,10.0.0.0/9,10.119.0.0/19,127,167,145,179,1,Allow
374,70,3,00:00:00:00:00:00,00:00:00:00:00:00,10.0.0.0/9,10.0.0.0/8,174,188,59,78,6,Allow
375,106,3,00:00:00:00:00:00,00:00:00:00:00:00,10.184.0.0/13,10.43.224.0/19,3,36,78,102,1,Allow
376,80,3,00:00:00:00:00:00,00:00:00:00:00:00,10.116.0.0/16,10.36.144.0/20,34,114,95,171,1,Deny
377,162,3,00:00:00:00:00:00,00:00:00:00:00:00,10.200.176.0/22,10.192.82.160/28,138,182,3,153,6,Deny
378,119,3,00:00:00:00:00:00,00:00:00:00:00:00,10.140.0.0/14,10.231.64.0/20,94,198,37,38,6,Deny
379,18,3,00:00:00:00:00:00,00:00:00:00:00:00,10.0.0.0/8,10.195.192.0/18,71,159,159,188,6,Allow
380,169,3,00:00:00:00:00:00,00:00:00:00:00:00,10.52.0.0/14,10.144.0.0/13,80,128,75,142,6,Deny
381,45,3,00:00:00:00:00:00,00:00:00:00:00:00,10.192.0.0/11,10.208.112.112/28,21,197,137,184,1,Deny
382,113,3,00:00:00:00:00:00,00:00:00:00:00:00,10.128.0.0/10,10.0.0.0/10,21,104,98,130,1,Deny
383,177,3,00:00:00:00:00:00,00:00:00:00:00:00,10.141.206.192/26,10.94.200.52/32,14,101,47,144,1,Allow
384,116,3,00:00:00:00:00:00,00:00:00:00:00:00,10.253.0.0/16,10.184.0.0/14,59,108,72,191,6,Deny
385,121,3,00:00:00:00:00:00,00:00:00:00:00:00,10.240.0.0/13,10.40.0.0/13,93,172,80,194,1,Deny
386,159,3,00:00:00:00:00:00,00:00:00:00:00:00,10.248.0.0/14,10.128.0.0/9,103,140,41,50,6,Allow
387,53,3,00:00:00:00:00:00,00:00:00:00:00:00,10.104.0.0/13,10.64.0.0/11,79,104,31,191,6,Allow
388,27,3,00:00:00:00:00:00,00:00:00:00:00:00,10.254.220.0/22,10.160.0.0/13,25,184,65,123,6,Deny
389,102,3,00:00:00:00:00:00,00:00:00:00:00:00,10.54.247.158/32,10.224.0.0/11,8,130,106,139,1,Deny
390,118,3,00:00:00:00:00:00,00:00:00:00:00:00,10.29.168.87/32,10.0.0.0/11,5,106,157,162,6,Allow
391,38,3,00:00:00:00:00:00,00:00:00:00:00:00,10.245.244.0/22,10.122.216.0/21,8,67,37,116,6,Deny
392,155,3,00:00:00:00:00:00,00:00:00:00:00:00,10.128.0.0/9,10.64.0.0/10,69,79,84,179,6,Deny
393,144,3,00:00:00:00:00:00,00:00:00:00:00:00,10.176.0.0/12,10.155.212.38/32,111,142,4,63,1,Allow
394,143,3,00:00:00:00:00:00,00:00:00:00:00:00,10.0.80.124/30,10.139.120.51/32,124,147,11,100,1,Deny
395,140,3,00:00:00:00:00:00,00:00:00:00:00:00,10.165.54.219/32,10.57.9.96/27,16,138,142,160,6,Allow
396,99,3,00:00:00:00:00:00,00:00:00:00:00:00,10.183.34.56/32,10.128.0.0/10,135,154,41,59,1,Allow
397,154,3,00:00:00:00:00:00,00:00:00:00:00:00,10.64.0.0/10,10.98.32.0/23,32,90,4,67,6,Allow
398,129,3,00:00:00:00:00:00,00:00:00:00:00:00,10.251.87.115/32,10.0.0.0/9,3,149,86,154,6,Allow
399,200,3,00:00:00:00:00:00,00:00:00:00:00:00,10.37.240.0/20,10.57.112.0/20,13,82,22,94,6,Deny
400,152,3,00:00:00:00:00:00,00:00:00:00:00:00,10.168.32.0/19,10.0.0.0/11,50,170,12,83,1,Allow
401,96,3,00:00:00:00:00:00,00:00:00:00:00:00,10.48.0.0/14,10.58.0.0/16,92,151,42,186,1,Deny
402,61,3,00:00:00:00:00:00,00:00:00:00:00:00,10.0.0.0/8,10.65.254.99/32,39,147,107,125,1,Deny
403,18,3,00:00:00:00:00:00,00:00:00:00:00:00,10.41.87.0/25,10.33.144.0/20,102,156,177,191,6,Allow
404,100,3,00:00:00:00:00:00,00:00:00:00:00:00,10.96.0.0/11,10.144.0.0/12,26,63,102,171,1,Allow
405,2,3,00:00:00:00:00:00,00:00:00:00:00:00,10.142.0.0/15,10.128.0.0/9,1,9,55,92,6,Allow
406,77,3,00:00:00:00:00:00,00:00:00:00:00:00,10.124.0.0/14,10.62.85.192/27,39,108,45,64,1,Deny
407,12,3,00:00:00:00:00:00,00:00:00:00:00:00,10.8.0.0/13,10.112.0.0/13,71,106,126,161,6,Deny
408,7,3,00:00:00:00:00:00,00:00:00:00:00:00,10.64.0.0/11,10.8.0.0/14,1,158,57,167,6,Deny
409,103,3,00:00:00:00:00:00,00:00:00:00:00:00,10.13.113.176/28,10.100.214.160/29,94,180,130,131,6,Deny
410,96,3,00:00:00:00:00:00,00:00:00:00:00:00,10.78.214.0/25,10.0.0.0/8,127,157,26,179,6,Allow
411,124,3,00:00:00:00:00:00,00:00:00:00:00:00,10.64.0.0/10,10.78.0.0/16,22,74,81,100,6,Allow
412,74,3,00:00:00:00:00:00,00:00:00:00:00:00,10.0.0.0/8,10.0.0.0/8,98,191,167,178,6,Allow
413,86,3,00:00:00:00:00:00,00:00:00:00:00:00,10.56.0.0/13,10.128.0.0/10,59,64,60,84,6,Deny
414,141,3,00:00:00:00:00:00,00:00:00:00:00:00,10.128.0.0/10,10.32.0.0/12,162,196,44,121,6,Deny
415,125,3,00:00:00:00:00:00,00:00:00:00:00:00,10.190.162.112/28,10.227.88.84/31,145,185,8,185,6,Deny
416,114,3,00:00:00:00:00:00,00:00:00:00:00:00,10.188.4.76/30,10.208.0.0/12,57,132,18,34,1,Allow
417,172,3,00:00:00:00:00:00,00:00:00:00:00:00,10.0.0.0/9,10.49.9.3/32,105,190,5,12,1,Allow
418,89,3,00:00:00:00:00:00,00:00:00:00:00:00,10.213.154.13/32,10.246.155.135/32,6,9,170,194,6,Deny
419,173,3,00:00:00:00:00:00,00:00:00:00:00:00,10.19.128.0/17,10.68.112.0/20,85,142,129,160,1,Deny
420,128,3,00:00:00:00:00:00,00:00:00:00:00:00,10.64.128.0/19,10.0.0.0/9,23,171,94,138,6,Allow
421,172,3,00:00:00:00:00:00,00:00:00:00:00:00,10.147.199.96/27,10.138.180.240/28,64,119,102,197,1,Deny
422,151,3,00:00:00:00:00:00,00:00:00:00:00:00,10.210.128.0/18,10.201.232.0/21,74,167,85,183,1,Allow
423,70,3,00:00:00:00:00:00,00:00:00:00:00:00,10.128.0.0/11,10.208.0.0/13,49,75,50,78,6,Allow
424,41,3,00:00:00:00:00:00,00:00:00:00:00:00,10.0.0.0/8,10.97.192.0/19,64,65,48,89,1,Deny
425,85,3,00:00:00:00:00:00,00:00:00:00:00:00,10.139.0.0/17,10.36.160.0/20,105,183,40,46,6,Allow
426,58,3,00:00:00:00:00:00,00:00:00:00:00:00,10.99.148.188/32,10.20.192.0/20,173,181,110,162,6,Deny
427,136,3,00:00:00:00:00:00,00:00:00:00:00:00,10.64.0.0/12,10.149.121.188/32,36,159,88,119,6,Deny
428,171,3,00:00:00:00:00:00,00:00:00:00:00:00,10.134.216.0/21,10.210.224.0/19,69,83,29,126,1,Deny
429,96,3,00:00:00:00:00:00,00:00:00:00:00:00,10.13.128.0/17,10.128.120.0/21,82,159,35,170,6,Allow
430,191,3,00:00:00:00:00:00,00:00:00:00:00:00,10.128.0.0/9,10.16.0.0/12,8,13,45,57,1,Allow
431,135,3,00:00:00:00:00:00,00:00:00:00:00:00,10.0.0.0/8,10.82.0.0/15,7,113,81,83,6,Allow
432,114,3,00:00:00:00:00:00,00:00:00:00:00:00,10.232.0.0/14,10.112.0.0/13,14,112,76,199,6,Deny
433,99,3,00:00:00:00:00:00,00:00:00:00:00:00,10.81.171.0/26,10.64.2.155/32,22,192,51,119,1,Allow
434,34,3,00:00:00:00:00:00,00:00:00:00:00:00,10.0.0.0/8,10.52.52.0/22,174,180,56,134,6,Deny
435,21,3,00:00:00:00:00:00,00:00:00:00:00:00,10.96.0.0/13,10.178.166.0/23,81,116,178,189,6,Deny
436,80,3,00:00:00:00:00:00,00:00:00:00:00:00,10.77.128.0/21,10.0.0.0/9,88,126,68,147,1,Allow
437,191,3,00:00:00:00:00:00,00:00:00:00:00:00,10.24.0.0/13,10.48.0.0/12,12,40,72,131,6,Allow
438,173,3,00:00:00:00:00:00,00:00:00:00:00:00,10.30.0.0/15,10.0.0.0/8,48,62,100,159,1,Allow
439,134,3,00:00:00:00:00:00,00:00:00:00:00:00,10.244.0.0/14,10.0.0.0/8,103,144,80,104,1,Allow
440,89,3,00:00:00:00:00:00,00:00:00:00:00:00,10.55.72.0/22,10.171.136.32/27,114,191,76,190,1,Deny
441,154,3,00:00:00:00:00:00,00:00:00:00:00:00,10.59.42.96/28,10.112.0.0/12,141,168,106,173,6,Allow
442,40,3,00:00:00:00:00:00,00:00:00:00:00:00,10.208.0.0/13,10.0.0.0/8,97,148,98,175,1,Allow
443,85,3,00:00:00:00:00:00,00:00:00:00:00:00,10.61.32.0/19,10.163.184.64/26,32,142,27,38,6,Allow
444,23,3,00:00:00:00:00:00,00:00:00:00:00:00,10.0.0.0/8,10.160.0.0/11,78,84,68,169,6,Allow
445,47,3,00:00:00:00:00:00,00:00:00:00:00:00,10.216.171.96/32,10.0.0.0/8,21,94,159,162,1,Deny
446,14,3,00:00:00:00:00:00,00:00:00:00:00:00,10.12.0.0/16,10.240.0.0/14,91,164,23,35,1,Deny
447,85,3,00:00:00:00:00:00,00:00:00:00:00:00,10.192.0.0/10,10.140.0.0/14,22,182,48,109,6,Allow
448,156,3,00:00:00:00:00:00,00:00:00:00:00:00,10.0.0.0/8,10.128.0.0/9,51,61,6,104,1,Allow
449,68,3,00:00:00:00:00:00,00:00:00:00:00:00,10.183.0.0/16,10.0.0.0/10,32,184,69,193,6,Allow
450,95,3,00:00:00:00:00:00,00:00:00:00:00:00,10.0.0.0/8,10.43.176.0/20,143,151,80,175,1,Allow
451,18,3,00:00:00:00:00:00,00:00:00:00:00:00,10.0.0.0/8,10.0.0.0/8,112,196,48,191,6,Deny
452,94,3,00:00:00:00:00:00,00:00:00:00:00:00,10.0.0.0/8,10.194.0.0/16,59,167,106,154,6,Allow
453,159,3,00:00:00:00:00:00,00:00:00:00:00:00,10.125.192.0/18,10.250.106.112/28,64,164,82,91,1,Deny
454,6,3,00:00:00:00:00:00,00:00:00:00:00:00,10.0.0.0/8,10.64.0.0/10,26,27,2,131,1,Deny
455,128,3,00:00:00:00:00:00,00:00:00:00:00:00,10.64.0.0/12,10.108.0.0/16,42,182,100,177,6,Deny
456,33,3,00:00:00:00:00:00,00:00:00:00:00:00,10.0.0.0/10,10.255.0.0/17,74,75,152,188,1,Allow
457,97,3,00:00:00:00:00:00,00:00:00:00:00:00,10.174.208.0/21,10.221.128.0/19,142,172,70,167,6,Allow
458,116,3,00:00:00:00:00:00,00:00:00:00:00:00,10.7.87.9/32,10.0.0.0/9,128,176,72,100,6,Deny
459,13,3,00:00:00:00:00:00,00:00:00:00:00:00,10.239.171.186/32,10.128.0.0/9,16,29,1,78,1,Deny
460,42,3,00:00:00:00:00:00,00:00:00:00:00:00,10.192.0.0/10,10.34.152.0/22,68,113,47,147,6,Deny
461,36,3,00:00:00:00:00:00,00:00:00:00:00:00,10.18.96.0/19,10.168.16.0/20,19,67,37,122,1,Allow
462,64,3,00:00:00:00:00:00,00:00:00:00:00:00,10.0.0.0/9,10.0.0.0/8,136,147,37,97,6,Deny
463,39,3,00:00:00:00:00:00,00:00:00:00:00:00,10.0.0.0/8,10.34.34.185/32,27,195,30,196,6,Deny
464,137,3,00:00:00:00:00:00,00:00:00:00:00:00,10.161.0.0/18,10.0.0.0/9,49,159,56,89,6,Allow
465,180,3,00:00:00:00:00:00,00:00:00:00:00:00,10.13.0.0/16,10.237.176.0/20,128,188,93,192,1,Deny
466,53,3,00:00:00:00:00:00,00:00:00:00:00:00,10.104.0.0/13,10.184.172.253/32,52,122,85,177,1,Allow
467,105,3,00:00:00:00:00:00,00:00:00:00:00:00,10.0.0.0/10,10.189.9.168/30,99,108,31,60,1,Allow
468,168,3,00:00:00:00:00:00,00:00:00:00:00:00,10.16.0.0/14,10.158.0.0/16,47,114,91,139,6,Deny
469,154,3,00:00:00:00:00:00,00:00:00:00:00:00,10.82.128.0/21,10.159.144.0/20,88,105,2,81,6,Allow
470,173,3,00:00:00:00:00:00,00:00:00:00:00:00,10.191.136.0/22,10.0.0.0/10,119,188,12,134,1,Allow
471,142,3,00:00:00:00:00:00,00:00:00:00:00:00,10.208.0.0/13,10.73.24.0/22,80,162,4,129,1,Allow
472,173,3,00:00:00:00:00:00,00:00:00:00:00:00,10.183.27.134/32,10.72.96.0/21,55,89,112,184,1,Allow
473,23,3,00:00:00:00:00:00,00:00:00:00:00:00,10.220.0.0/14,10.0.0.0/9,35,136,77,183,6,Allow
474,173,3,00:00:00:00:00:00,00:00:00:00:00:00,10.0.0.0/12,10.201.160.0/21,159,160,37,181,1,Deny
475,4,3,00:00:00:00:00:00,00:00:00:00:00:00,10.147.0.0/18,10.66.158.96/27,128,164,124,150,1,Deny
476,66,3,00:00:00:00:00:00,00:00:00:00:00:00,10.43.182.0/23,10.0.0.0/8,96,180,95,145,6,Deny
477,4,3,00:00:00:00:00:00,00:00:00:00:00:00,10.0.0.0/10,10.0.0.0/8,141,195,46,85,6,Deny
478,109,3,00:00:00:00:00:00,00:00:00:00:00:00,10.64.0.0/13,10.128.0.0/10,95,141,11,159,1,Deny
479,43,3,00:00:00:00:00:00,00:00:00:00:00:00,10.151.192.0/21,10.197.128.0/17,25,132,108,136,6,Allow
480,100,3,00:00:00:00:00:00,00:00:00:00:00:00,10.160.0.0/11,10.248.224.0/21,8,23,5,194,1,Deny
481,155,3,00:00:00:00:00:00,00:00:00:00:00:00,10.248.0.0/13,10.96.0.0/12,71,139,44,198,6,Allow
482,134,3,00:00:00:00:00:00,00:00:00:00:00:00,10.8.0.0/14,10.226.79.176/29,70,159,48,134,1,Allow
483,167,3,00:00:00:00:00:00,00:00:00:00:00:00,10.128.0.0/9,10.56.0.0/14,78,189,56,167,6,Allow
484,30,3,00:00:00:00:00:00,00:00:00:00:00:00,10.0.0.0/8,10.133.251.192/26,26,184,73,138,6,Allow
485,130,3,00:00:00:00:00:00,00:00:00:00:00:00,10.64.0.0/10,10.236.210.50/32,65,176,38,111,1,Deny
486,111,3,00:00:00:00:00:00,00:00:00:00:00:00,10.128.0.0/10,10.104.0.0/14,44,170,71,160,1,Allow
487,85,3,00:00:00:00:00:00,00:00:00:00:00:00,10.175.112.228/32,10.0.0.0/9,24,133,23,193,1,Allow
488,146,3,00:00:00:00:00:00,00:00:00:00:00:00,10.155.16.0/20,10.41.95.12/32,119,124,2,108,1,Allow
489,79,3,00:00:00:00:00:00,00:00:00:00:00:00,10.64.0.0/10,10.200.0.0/14,71,169,13,116,1,Deny
490,106,3,00:00:00:00:00:00,00:00:00:00:00:00,10.0.0.0/10,10.65.232.0/22,170,184,192,196,6,Allow
491,101,3,00:00:00:00:00:00,00:00:00:00:00:00,10.129.48.0/20,10.178.109.0/27,8,191,1,79,6,Deny
492,74,3,00:00:00:00:00:00,00:00:00:00:00:00,10.128.0.0/16,10.8.0.0/13,104,160,51,188,6,Deny
493,136,3,00:00:00:00:00:00,00:00:00:00:00:00,10.146.192.0/19,10.64.0.0/14,129,168,18,44,1,Allow
494,108,3,00:00:00:00:00:00,00:00:00:00:00:00,10.0.0.0/9,10.232.0.0/13,17,190,59,182,6,Deny
495,54,3,00:00:00:00:00:00,00:00:00:00:00:00,10.192.240.0/20,10.225.225.68/32,166,187,62,84,6,Allow
496,67,3,00:00:00:00:00:00,00:00:00:00:00:00,10.62.209.54/32,10.201.244.68/32,67,106,57,60,1,Allow
497,191,3,00:00:00:00:00:00,00:00:00:00:00:00,10.24.142.0/23,10.128.0.0/9,24,152,138,176,6,Deny
498,57,3,00:00:00:00:00:00,00:00:00:00:00:00,10.70.76.96/28,10.0.0.0/8,12,175,74,76,1,Allow
499,88,3,00:00:00:00:00:00,00:00:00:00:00:00,10.157.52.8/32,10.175.100.96/32,31,146,91,94,6,Deny
